Family,Survival Count,Death Count,Total Count,Percentage
0,163,374,537,30.3538175047
1,89,72,161,55.2795031056
2,59,43,102,57.8431372549
3,21,8,29,72.4137931034
4,3,12,15,20.0
5,3,19,22,13.6363636364
6,4,8,12,33.3333333333
7,0,6,6,0.0
10,0,7,7,0.0
