Pclass,Survival Count,Death Count,Total Count,Percentage
1,136,80,216,62.962962963
2,87,97,184,47.2826086957
3,119,372,491,24.2362525458
